latitude,longitude,species_name,common_name,group_size,date_time,Date
31.52742700000001,-123.330744,SPWH,Sperm Whale,2,1996-04-24 02:16:54,1996-04-24
32.246176,-121.876751,KIWH,Killer Whale,100,1996-04-24 13:00:30,1996-04-24
31.699222999999996,-124.01196499999999,HUWH,Humpback Whale,1,1996-08-16 07:07:48,1996-08-16
34.930104,-121.126296,HUWH,Humpback Whale,1,1996-08-22 05:43:30,1996-08-22
32.783366,-117.287894,GRWH,Gray Whale,2,1997-01-29 09:44:24,1997-01-29
33.284581,-118.163629,GRWH,Gray Whale,1,1997-02-04 14:52:24,1997-02-04
33.618503999999994,-119.03766200000001,GRWH,Gray Whale,2,1997-02-05 11:34:36,1997-02-05
32.728398,-120.85466100000001,SPWH,Sperm Whale,4,1997-02-06 07:29:36,1997-02-06
33.886322,-120.067376,GRWH,Gray Whale,1,1997-02-09 15:23:12,1997-02-09
37.19135900000001,-122.60861799999999,HUWH,Humpback Whale,1,1997-06-08 14:28:06,1997-06-08
36.683914,-122.18490700000001,HUWH,Humpback Whale,2,1997-06-09 07:26:36,1997-06-09
36.705743,-122.20472,HUWH,Humpback Whale,1,1997-06-09 07:37:36,1997-06-09
36.713707,-122.296553,HUWH,Humpback Whale,2,1997-06-09 09:18:18,1997-06-09
36.558,-122.319759,HUWH,Humpback Whale,2,1997-06-09 16:34:36,1997-06-09
36.558,-122.319759,HUWH,Humpback Whale,3,1997-06-09 16:34:36,1997-06-09
36.559,-122.287477,HUWH,Humpback Whale,1,1997-06-09 16:44:42,1997-06-09
36.539566,-122.19284099999999,HUWH,Humpback Whale,3,1997-06-09 17:48:36,1997-06-09
36.539566,-122.19284099999999,HUWH,Humpback Whale,3,1997-06-09 17:48:36,1997-06-09
36.532736,-122.160335,HUWH,Humpback Whale,2,1997-06-09 17:59:00,1997-06-09
36.526126,-122.12776299999999,HUWH,Humpback Whale,2,1997-06-09 18:08:48,1997-06-09
36.53360900000001,-122.109525,HUWH,Humpback Whale,4,1997-06-09 18:30:06,1997-06-09
36.880824,-122.803874,HUWH,Humpback Whale,4,1997-06-10 11:13:06,1997-06-10
36.993035,-122.217817,HUWH,Humpback Whale,2,1997-06-10 18:58:24,1997-06-10
36.985874,-122.18476499999998,HUWH,Humpback Whale,5,1997-06-10 19:22:30,1997-06-10
37.124784999999996,-122.49973,HUWH,Humpback Whale,2,1997-06-11 06:48:42,1997-06-11
37.17736,-122.50093500000001,HUWH,Humpback Whale,2,1997-06-11 07:30:00,1997-06-11
37.178721,-122.568678,HUWH,Humpback Whale,2,1997-06-11 07:51:36,1997-06-11
37.172308,-122.7036,HUWH,Humpback Whale,1,1997-06-11 08:49:48,1997-06-11
37.189159000000004,-122.843273,HUWH,Humpback Whale,1,1997-06-11 10:01:24,1997-06-11
38.126708,-124.05676000000001,HUWH,Humpback Whale,2,1997-06-14 12:39:12,1997-06-14
38.144102000000004,-124.083008,HUWH,Humpback Whale,1,1997-06-14 12:52:06,1997-06-14
38.309953,-123.409026,HUWH,Humpback Whale,1,1997-06-14 18:51:18,1997-06-14
38.155767,-123.220904,KIWH,Killer Whale,1,1997-06-15 11:00:06,1997-06-15
37.76609600000001,-123.17473100000001,HUWH,Humpback Whale,4,1997-06-16 08:31:06,1997-06-16
37.792039,-122.973901,HUWH,Humpback Whale,3,1997-06-16 17:31:12,1997-06-16
32.911192,-117.348024,BLWH,Blue Whale,1,1997-07-01 12:07:06,1997-07-01
32.212964,-118.78907099999999,BLWH,Blue Whale,2,1997-07-02 07:34:54,1997-07-02
32.172309999999996,-118.87038100000001,BLWH,Blue Whale,1,1997-07-02 08:05:42,1997-07-02
31.969634999999997,-119.304055,BLWH,Blue Whale,2,1997-07-02 16:44:54,1997-07-02
33.627534999999995,-118.99781899999999,SEWH,Sei Whale,1,1997-07-08 08:32:48,1997-07-08
33.275786,-119.751466,BLWH,Blue Whale,1,1997-07-08 17:20:24,1997-07-08
32.352681,-121.656737,MIWH,Minke Whale,1,1997-07-09 09:52:00,1997-07-09
33.992384,-121.455675,BLWH,Blue Whale,4,1997-07-13 18:12:42,1997-07-13
31.374947,-123.788482,SPWH,Sperm Whale,3,1997-09-29 10:38:30,1997-09-29
33.188641,-117.72213300000001,GRWH,Gray Whale,1,1997-12-13 13:05:42,1997-12-13
33.428589,-119.45853100000001,GRWH,Gray Whale,1,1998-01-30 08:34:42,1998-01-30
33.32177,-119.64018700000001,GRWH,Gray Whale,2,1998-01-30 09:46:18,1998-01-30
33.309073,-119.663853,GRWH,Gray Whale,2,1998-01-30 15:35:30,1998-01-30
33.201643,-118.031434,HUWH,Humpback Whale,1,1998-03-16 13:20:06,1998-03-16
33.11005,-117.91299599999999,GRWH,Gray Whale,3,1998-03-16 14:11:24,1998-03-16
32.217809,-120.330169,SPWH,Sperm Whale,4,1998-04-07 16:43:00,1998-04-07
33.17479,-118.33775700000001,HUWH,Humpback Whale,1,1998-04-08 16:23:54,1998-04-08
33.261091,-118.162346,GRWH,Gray Whale,2,1998-04-08 19:09:18,1998-04-08
32.976874,-120.380335,GRWH,Gray Whale,4,1998-04-10 11:21:36,1998-04-10
33.13955,-117.68648700000001,FIWH,Fin Whale,1,1998-05-16 12:30:42,1998-05-16
33.162831,-117.702688,FIWH,Fin Whale,1,1998-05-16 12:43:00,1998-05-16
33.043654,-118.664208,FIWH,Fin Whale,1,1998-05-17 06:48:18,1998-05-17
34.172238,-119.50152800000001,HUWH,Humpback Whale,1,1998-05-21 07:35:00,1998-05-21
33.067797999999996,-118.66298400000001,BLWH,Blue Whale,1,1998-06-18 05:56:54,1998-06-18
32.99535,-118.798748,FIWH,Fin Whale,2,1998-06-18 06:49:18,1998-06-18
32.67415,-119.4017,BLWH,Blue Whale,1,1998-06-18 12:47:42,1998-06-18
33.377265,-121.147295,FIWH,Fin Whale,2,1998-06-21 10:09:54,1998-06-21
33.828602000000004,-119.197301,BLWH,Blue Whale,1,1998-06-22 12:00:42,1998-06-22
33.222183,-118.40322900000001,BLWH,Blue Whale,1,1998-06-22 20:15:12,1998-06-22
33.40987,-119.49798700000001,BLWH,Blue Whale,1,1998-07-16 12:48:36,1998-07-16
33.377765999999994,-119.549977,BLWH,Blue Whale,2,1998-07-16 13:09:00,1998-07-16
33.377765999999994,-119.549977,FIWH,Fin Whale,1,1998-07-16 13:09:00,1998-07-16
34.12778,-121.206884,BLWH,Blue Whale,1,1998-07-21 12:44:30,1998-07-21
32.159526,-118.938966,KIWH,Killer Whale,2,1998-09-14 13:35:00,1998-09-14
31.299204,-122.18456,MIWH,Minke Whale,2,1998-09-17 09:22:12,1998-09-17
33.431816999999995,-119.45051200000002,GRWH,Gray Whale,1,1998-09-20 08:47:06,1998-09-20
33.437324,-120.773204,BLWH,Blue Whale,1,1998-09-23 15:16:48,1998-09-23
34.248394,-119.81166200000001,KIWH,Killer Whale,1,1999-04-12 09:01:06,1999-04-12
34.426035999999996,-120.54701200000001,GRWH,Gray Whale,4,1999-04-12 16:35:12,1999-04-12
34.412107,-120.57503700000001,GRWH,Gray Whale,2,1999-04-12 16:44:54,1999-04-12
34.370321999999994,-120.65911200000001,GRWH,Gray Whale,1,1999-04-12 17:14:06,1999-04-12
31.99314600000001,-119.26370800000001,BLWH,Blue Whale,4,1999-08-08 18:05:24,1999-08-08
31.125961,-121.07106100000001,BLWH,Blue Whale,1,1999-08-09 12:16:24,1999-08-09
31.058743,-121.19628,BLWH,Blue Whale,2,1999-08-09 13:12:00,1999-08-09
31.060739,-122.660601,FIWH,Fin Whale,2,1999-08-11 07:26:06,1999-08-11
32.475097999999996,-119.854584,FIWH,Fin Whale,1,1999-08-12 15:08:54,1999-08-12
32.607431,-119.539375,FIWH,Fin Whale,3,1999-08-12 16:55:18,1999-08-12
33.578117999999996,-119.13898300000001,BLWH,Blue Whale,1,1999-08-14 13:53:54,1999-08-14
33.411818,-119.482675,BLWH,Blue Whale,1,1999-08-14 17:57:06,1999-08-14
33.396546,-119.509345,BLWH,Blue Whale,1,1999-08-14 18:08:12,1999-08-14
31.460182,-123.515165,BLWH,Blue Whale,3,1999-08-16 14:43:12,1999-08-16
31.4084,-123.588155,FIWH,Fin Whale,1,1999-08-16 15:11:18,1999-08-16
32.669767,-122.64498600000002,FIWH,Fin Whale,1,1999-08-17 13:53:18,1999-08-17
32.798623,-122.32696899999999,FIWH,Fin Whale,1,1999-08-17 15:32:00,1999-08-17
32.877177,-122.16155900000001,FIWH,Fin Whale,1,1999-08-17 16:30:36,1999-08-17
33.13981500000001,-123.31268100000001,SPWH,Sperm Whale,1,1999-08-21 07:10:18,1999-08-21
35.038634,-120.90101499999999,HUWH,Humpback Whale,1,1999-08-23 10:28:48,1999-08-23
32.494374,-121.360777,MIWH,Minke Whale,1,1999-10-11 16:33:06,1999-10-11
32.82318,-117.294003,GRWH,Gray Whale,2,2000-04-06 09:50:48,2000-04-06
37.932853,-123.31591499999999,HUWH,Humpback Whale,2,2000-06-07 11:59:54,2000-06-07
37.912253,-123.217322,HUWH,Humpback Whale,1,2000-06-07 12:30:30,2000-06-07
37.879527,-123.08690800000001,HUWH,Humpback Whale,1,2000-06-07 13:14:30,2000-06-07
37.879527,-123.08690800000001,HUWH,Humpback Whale,2,2000-06-07 13:14:30,2000-06-07
37.928937,-123.04214499999999,HUWH,Humpback Whale,2,2000-06-07 13:59:06,2000-06-07
37.883979,-123.135879,HUWH,Humpback Whale,12,2000-06-08 07:17:48,2000-06-08
38.171293,-123.348801,HUWH,Humpback Whale,1,2000-06-08 13:50:36,2000-06-08
30.640225,-121.99238700000001,HUWH,Humpback Whale,5,2000-07-01 15:14:06,2000-07-01
31.665267,-121.48302199999999,FIWH,Fin Whale,1,2000-07-03 13:12:48,2000-07-03
31.930143,-122.52530300000001,FIWH,Fin Whale,1,2000-07-07 07:28:00,2000-07-07
32.806616999999996,-122.33176,BLWH,Blue Whale,1,2000-07-08 14:37:42,2000-07-08
34.093323,-122.781623,FIWH,Fin Whale,2,2000-07-12 11:22:42,2000-07-12
34.991051,-120.979128,HUWH,Humpback Whale,2,2000-07-13 05:32:30,2000-07-13
35.00278,-120.94945,HUWH,Humpback Whale,1,2000-07-13 05:42:48,2000-07-13
35.038117,-120.93473999999999,HUWH,Humpback Whale,1,2000-07-13 07:39:42,2000-07-13
35.068816,-120.843179,HUWH,Humpback Whale,6,2000-07-13 08:09:12,2000-07-13
34.902502,-120.8,HUWH,Humpback Whale,3,2000-07-13 11:00:24,2000-07-13
34.875505,-120.8,HUWH,Humpback Whale,1,2000-07-13 11:10:06,2000-07-13
34.585738,-120.776927,HUWH,Humpback Whale,2,2000-07-13 12:48:54,2000-07-13
33.208236,-118.491593,HUWH,Humpback Whale,1,2000-10-18 17:00:12,2000-10-18
33.617426,-118.12978600000001,MIWH,Minke Whale,1,2000-10-19 12:47:30,2000-10-19
34.845087,-121.338627,MIWH,Minke Whale,1,2000-10-29 12:36:42,2000-10-29
34.916908,-121.189701,FIWH,Fin Whale,2,2000-10-29 15:56:06,2000-10-29
36.732193,-121.938984,HUWH,Humpback Whale,2,2001-04-25 11:41:18,2001-04-25
36.561528,-122.41658799999999,HUWH,Humpback Whale,1,2001-05-13 00:59:42,2001-05-13
37.078228,-122.78865,HUWH,Humpback Whale,3,2001-05-13 22:19:36,2001-05-13
37.082103000000004,-122.66925900000001,HUWH,Humpback Whale,3,2001-05-13 23:24:42,2001-05-13
37.083574,-122.601603,HUWH,Humpback Whale,1,2001-05-13 23:44:48,2001-05-13
36.983175,-122.658604,HUWH,Humpback Whale,1,2001-05-14 13:37:24,2001-05-14
37.09037100000001,-122.55590900000001,HUWH,Humpback Whale,1,2001-05-14 14:27:54,2001-05-14
37.111295,-122.53452,HUWH,Humpback Whale,2,2001-05-14 14:37:54,2001-05-14
37.182292,-122.623515,HUWH,Humpback Whale,5,2001-05-14 16:05:42,2001-05-14
37.182292,-122.623515,HUWH,Humpback Whale,1,2001-05-14 16:05:42,2001-05-14
37.181051000000004,-122.65733999999999,HUWH,Humpback Whale,4,2001-05-14 16:15:54,2001-05-14
37.180095,-122.676124,HUWH,Humpback Whale,1,2001-05-14 16:26:12,2001-05-14
37.181,-122.698,HUWH,Humpback Whale,1,2001-05-14 16:41:00,2001-05-14
37.181492999999996,-122.73593000000001,HUWH,Humpback Whale,1,2001-05-14 16:53:12,2001-05-14
37.181492999999996,-122.73593000000001,HUWH,Humpback Whale,1,2001-05-14 16:53:12,2001-05-14
37.195685,-123.098808,HUWH,Humpback Whale,3,2001-05-14 19:47:06,2001-05-14
37.25369600000001,-123.16977800000001,HUWH,Humpback Whale,1,2001-05-14 20:17:18,2001-05-14
37.516628000000004,-123.499073,SPWH,Sperm Whale,21,2001-05-15 17:48:30,2001-05-15
37.534496000000004,-123.607657,SPWH,Sperm Whale,4,2001-05-15 19:03:00,2001-05-15
38.08028,-123.995599,HUWH,Humpback Whale,1,2001-05-16 17:32:24,2001-05-16
36.964017999999996,-122.90398200000001,GRWH,Gray Whale,20,2001-05-20 20:23:12,2001-05-20
37.081028,-122.72638300000001,HUWH,Humpback Whale,1,2001-05-20 22:41:54,2001-05-20
37.084179999999996,-122.593567,HUWH,Humpback Whale,2,2001-05-20 23:24:06,2001-05-20
37.374995,-122.98008,HUWH,Humpback Whale,2,2001-05-21 21:24:00,2001-05-21
37.374593,-122.94611200000001,HUWH,Humpback Whale,1,2001-05-21 21:34:18,2001-05-21
37.374593,-122.94611200000001,HUWH,Humpback Whale,1,2001-05-21 21:34:18,2001-05-21
37.371219,-122.77710400000001,HUWH,Humpback Whale,1,2001-05-21 22:40:36,2001-05-21
37.371156,-122.709252,HUWH,Humpback Whale,1,2001-05-21 23:00:30,2001-05-21
37.515881,-123.292115,HUWH,Humpback Whale,1,2001-05-22 16:02:18,2001-05-22
37.514,-123.325969,HUWH,Humpback Whale,1,2001-05-22 16:12:36,2001-05-22
37.772545,-123.372933,HUWH,Humpback Whale,2,2001-05-22 22:57:12,2001-05-22
37.771634999999996,-123.338799,HUWH,Humpback Whale,2,2001-05-22 23:08:06,2001-05-22
37.770626,-123.27051000000002,HUWH,Humpback Whale,2,2001-05-22 23:30:12,2001-05-22
37.770339,-123.23635900000001,GRWH,Gray Whale,6,2001-05-22 23:41:24,2001-05-22
37.770339,-123.23635900000001,HUWH,Humpback Whale,3,2001-05-22 23:41:24,2001-05-22
37.770098,-123.20764199999999,GRWH,Gray Whale,12,2001-05-22 23:52:36,2001-05-22
37.719136999999996,-123.12084899999999,MIWH,Minke Whale,1,2001-05-23 00:39:00,2001-05-23
37.705925,-123.103233,HUWH,Humpback Whale,3,2001-05-23 00:49:48,2001-05-23
38.20053,-123.352919,HUWH,Humpback Whale,1,2001-05-24 01:37:12,2001-05-24
38.065784,-123.446385,HUWH,Humpback Whale,2,2001-05-24 16:25:00,2001-05-24
37.750918,-123.154335,HUWH,Humpback Whale,2,2001-05-24 23:31:06,2001-05-24
38.208085,-123.84126100000002,HUWH,Humpback Whale,1,2001-05-26 16:12:00,2001-05-26
38.411122999999996,-123.882782,HUWH,Humpback Whale,2,2001-05-27 15:51:12,2001-05-27
38.375358,-123.84043,HUWH,Humpback Whale,1,2001-05-27 16:50:24,2001-05-27
38.353583,-123.820076,HUWH,Humpback Whale,2,2001-05-27 17:00:48,2001-05-27
38.265608,-123.74029099999998,HUWH,Humpback Whale,2,2001-05-27 17:41:42,2001-05-27
38.062019,-123.487885,HUWH,Humpback Whale,2,2001-05-27 21:33:48,2001-05-27
38.016594,-123.375707,HUWH,Humpback Whale,2,2001-05-27 23:04:12,2001-05-27
38.014251,-123.475274,HUWH,Humpback Whale,2,2001-05-27 23:41:36,2001-05-27
31.903859000000004,-119.465475,BBWH,Baird's Beaked Whale,15,2001-07-11 17:46:18,2001-07-11
33.36269,-119.590701,BLWH,Blue Whale,6,2001-07-17 08:54:00,2001-07-17
33.347712,-119.617607,BLWH,Blue Whale,12,2001-07-17 09:14:36,2001-07-17
33.034,-119.665912,BLWH,Blue Whale,1,2001-07-18 13:24:12,2001-07-18
33.710434,-120.474272,FIWH,Fin Whale,4,2001-07-21 18:20:06,2001-07-21
32.426045,-119.68976200000002,MIWH,Minke Whale,1,2001-10-29 06:25:36,2001-10-29
32.451664,-119.679666,MIWH,Minke Whale,1,2001-10-29 06:30:30,2001-10-29
32.5029,-119.659476,MIWH,Minke Whale,2,2001-10-29 06:40:12,2001-10-29
32.623723,-119.55533100000001,MIWH,Minke Whale,1,2001-10-29 07:20:06,2001-10-29
32.698577,-119.38216899999999,FIWH,Fin Whale,5,2001-10-30 10:57:06,2001-10-30
32.713027000000004,-119.355074,FIWH,Fin Whale,2,2001-10-30 11:06:06,2001-10-30
32.389287,-120.01971,SPWH,Sperm Whale,5,2002-01-29 14:46:54,2002-01-29
31.220294,-120.833501,BBWH,Baird's Beaked Whale,6,2002-03-30 07:08:06,2002-03-30
32.701547,-119.42233999999999,KIWH,Killer Whale,3,2002-04-02 11:54:12,2002-04-02
32.701547,-119.42233999999999,FIWH,Fin Whale,1,2002-04-02 11:54:12,2002-04-02
32.712576,-119.39305700000001,MIWH,Minke Whale,1,2002-04-02 12:03:00,2002-04-02
32.724429,-119.36131,FIWH,Fin Whale,3,2002-04-02 12:15:06,2002-04-02
32.735447,-119.33201399999999,FIWH,Fin Whale,4,2002-04-02 12:24:00,2002-04-02
32.746834,-119.30291399999999,FIWH,Fin Whale,1,2002-04-02 12:34:06,2002-04-02
32.782758,-119.216642,FIWH,Fin Whale,1,2002-04-02 13:02:24,2002-04-02
32.970247,-118.8822,CBWH,Cuvier's Beaked Whale,3,2002-04-02 16:58:30,2002-04-02
33.440908,-121.03769799999999,HUWH,Humpback Whale,1,2002-04-07 15:15:36,2002-04-07
33.622139000000004,-122.24858,CBWH,Cuvier's Beaked Whale,2,2002-04-09 12:39:12,2002-04-09
36.889439,-122.9773,HUWH,Humpback Whale,4,2002-05-12 21:26:24,2002-05-12
36.931182,-122.93446999999999,HUWH,Humpback Whale,1,2002-05-12 21:47:24,2002-05-12
37.171092,-122.77268000000001,HUWH,Humpback Whale,1,2002-05-13 15:11:42,2002-05-13
37.17587,-122.839749,HUWH,Humpback Whale,2,2002-05-13 15:32:06,2002-05-13
37.514448,-123.09658200000001,HUWH,Humpback Whale,1,2002-05-14 16:24:18,2002-05-14
38.031,-123.80886299999999,HUWH,Humpback Whale,2,2002-05-20 00:46:00,2002-05-20
37.515815,-123.05798,HUWH,Humpback Whale,2,2002-05-20 13:53:06,2002-05-20
37.51481500000001,-123.091986,HUWH,Humpback Whale,3,2002-05-20 14:06:12,2002-05-20
37.514876,-123.182024,HUWH,Humpback Whale,2,2002-05-20 14:45:24,2002-05-20
37.514266,-123.335986,HUWH,Humpback Whale,2,2002-05-20 15:29:18,2002-05-20
37.514771,-123.344108,HUWH,Humpback Whale,1,2002-05-20 16:18:42,2002-05-20
37.773592,-123.427324,HUWH,Humpback Whale,2,2002-05-20 23:11:24,2002-05-20
37.379391,-122.676235,HUWH,Humpback Whale,2,2002-05-21 13:40:54,2002-05-21
37.359032,-122.65393,HUWH,Humpback Whale,2,2002-05-21 13:53:06,2002-05-21
37.3184,-122.60921200000001,HUWH,Humpback Whale,1,2002-05-21 14:17:24,2002-05-21
36.876689,-122.91108500000001,HUWH,Humpback Whale,6,2002-05-23 20:16:06,2002-05-23
36.910383,-122.951365,HUWH,Humpback Whale,2,2002-05-23 21:41:00,2002-05-23
36.948211,-122.920497,HUWH,Humpback Whale,4,2002-05-23 22:06:00,2002-05-23
37.177452,-122.801309,SPWH,Sperm Whale,25,2002-05-24 15:01:48,2002-05-24
37.179278000000004,-122.981558,HUWH,Humpback Whale,3,2002-05-24 16:50:06,2002-05-24
37.178326,-123.01541100000001,HUWH,Humpback Whale,4,2002-05-24 17:03:00,2002-05-24
37.537498,-123.61,HUWH,Humpback Whale,3,2002-05-25 19:03:30,2002-05-25
37.77016500000001,-123.223575,HUWH,Humpback Whale,2,2002-05-25 23:47:12,2002-05-25
32.925403,-117.31315900000001,FIWH,Fin Whale,2,2002-07-02 09:44:48,2002-07-02
32.612018,-119.53406100000001,BLWH,Blue Whale,1,2002-07-07 13:46:48,2002-07-07
32.699676000000004,-119.396627,SPWH,Sperm Whale,3,2002-07-07 17:56:48,2002-07-07
32.734542,-119.30973600000002,FIWH,Fin Whale,3,2002-07-07 18:25:54,2002-07-07
32.757785,-119.25180800000001,FIWH,Fin Whale,1,2002-07-07 18:45:24,2002-07-07
33.404952,-119.51026,FIWH,Fin Whale,2,2002-07-09 10:28:36,2002-07-09
33.390169,-119.53732099999999,FIWH,Fin Whale,1,2002-07-09 10:38:54,2002-07-09
32.377832,-121.591577,BLWH,Blue Whale,1,2002-07-10 07:12:54,2002-07-10
32.377832,-121.591577,HUWH,Humpback Whale,2,2002-07-10 07:12:54,2002-07-10
32.082528,-122.194502,MIWH,Minke Whale,1,2002-07-10 15:44:00,2002-07-10
32.144663,-119.010598,MIWH,Minke Whale,1,2002-11-11 16:10:00,2002-11-11
34.257651,-119.902847,HUWH,Humpback Whale,2,2002-11-21 12:38:30,2002-11-21
33.321279,-118.105791,BLWH,Blue Whale,2,2003-02-05 12:50:18,2003-02-05
33.388969,-117.965997,GRWH,Gray Whale,2,2003-02-05 13:38:48,2003-02-05
33.41326,-117.916604,BLWH,Blue Whale,1,2003-02-05 13:58:24,2003-02-05
33.41326,-117.916604,GRWH,Gray Whale,1,2003-02-05 13:58:24,2003-02-05
33.441492,-119.422824,BLWH,Blue Whale,1,2003-02-06 13:21:24,2003-02-06
33.668515,-122.13854099999999,SEWH,Sei Whale,2,2003-02-12 12:46:00,2003-02-12
34.536277,-125.171146,SPWH,Sperm Whale,7,2003-02-16 17:12:18,2003-02-16
36.648665,-122.0113,GRWH,Gray Whale,2,2003-02-18 10:16:48,2003-02-18
36.64638400000001,-122.044826,GRWH,Gray Whale,2,2003-02-18 10:26:06,2003-02-18
33.543368,-117.94242,GRWH,Gray Whale,2,2003-04-10 12:10:48,2003-04-10
33.60595,-118.12178600000001,GRWH,Gray Whale,2,2003-04-10 13:07:00,2003-04-10
34.224778,-119.47764699999999,HUWH,Humpback Whale,2,2003-04-15 15:29:30,2003-04-15
34.243889,-119.672234,GRWH,Gray Whale,2,2003-04-15 16:20:18,2003-04-15
34.195284,-121.05806100000001,HUWH,Humpback Whale,3,2003-04-16 05:53:54,2003-04-16
34.181473,-121.086101,HUWH,Humpback Whale,2,2003-04-16 06:03:30,2003-04-16
34.1473,-121.145132,HUWH,Humpback Whale,6,2003-04-16 11:01:18,2003-04-16
34.120502,-121.20166200000001,GRWH,Gray Whale,2,2003-04-16 11:17:24,2003-04-16
34.013309,-121.42778200000001,HUWH,Humpback Whale,1,2003-04-16 12:22:06,2003-04-16
35.364945,-121.845786,HUWH,Humpback Whale,1,2003-04-17 01:27:18,2003-04-17
35.535848,-122.269066,HUWH,Humpback Whale,2,2003-04-17 17:02:00,2003-04-17
34.943937,-121.083584,GRWH,Gray Whale,4,2003-04-19 11:06:18,2003-04-19
34.930107,-121.11187199999999,FIWH,Fin Whale,2,2003-04-19 11:17:30,2003-04-19
34.930107,-121.11187199999999,BBWH,Baird's Beaked Whale,2,2003-04-19 11:17:30,2003-04-19
34.879453999999996,-121.234637,GRWH,Gray Whale,3,2003-04-19 15:35:06,2003-04-19
34.879453999999996,-121.234637,HUWH,Humpback Whale,1,2003-04-19 15:35:06,2003-04-19
36.999216,-123.289671,HUWH,Humpback Whale,1,2003-04-23 20:55:48,2003-04-23
32.732023,-117.775002,HUWH,Humpback Whale,1,2003-04-24 09:46:24,2003-04-24
36.770833,-122.19057099999999,HUWH,Humpback Whale,1,2003-05-14 02:24:18,2003-05-14
36.77267,-121.96151200000001,HUWH,Humpback Whale,1,2003-05-17 23:01:48,2003-05-17
37.3686,-123.090535,HUWH,Humpback Whale,3,2003-05-20 22:16:00,2003-05-20
37.37654600000001,-123.055024,HUWH,Humpback Whale,2,2003-05-20 22:53:54,2003-05-20
37.372879,-122.805015,HUWH,Humpback Whale,1,2003-05-21 00:28:06,2003-05-21
37.372393,-122.737077,HUWH,Humpback Whale,2,2003-05-21 00:48:00,2003-05-21
37.372151,-122.70310800000001,HUWH,Humpback Whale,2,2003-05-21 00:57:54,2003-05-21
37.145036,-122.55954399999999,HUWH,Humpback Whale,3,2003-05-23 15:49:12,2003-05-23
37.130584999999996,-122.53938500000001,HUWH,Humpback Whale,3,2003-05-23 15:58:12,2003-05-23
36.719148,-122.21428700000001,HUWH,Humpback Whale,2,2003-05-24 14:15:12,2003-05-24
36.772149,-122.457251,HUWH,Humpback Whale,3,2003-05-24 16:13:36,2003-05-24
36.772149,-122.457251,HUWH,Humpback Whale,3,2003-05-24 16:13:36,2003-05-24
36.75325,-122.452816,HUWH,Humpback Whale,4,2003-05-24 17:00:30,2003-05-24
36.73175,-122.432448,HUWH,Humpback Whale,2,2003-05-24 17:10:24,2003-05-24
36.563545,-122.381973,HUWH,Humpback Whale,2,2003-05-24 20:06:06,2003-05-24
36.562563,-122.41556200000001,HUWH,Humpback Whale,6,2003-05-24 20:16:06,2003-05-24
36.561045,-122.467473,HUWH,Humpback Whale,1,2003-05-24 20:36:06,2003-05-24
36.582394,-122.48973000000001,HUWH,Humpback Whale,1,2003-05-24 21:12:48,2003-05-24
36.62852,-122.68047800000001,HUWH,Humpback Whale,1,2003-05-25 00:41:12,2003-05-25
36.581262,-122.43468500000002,HUWH,Humpback Whale,3,2003-05-25 02:46:42,2003-05-25
37.082325,-122.719241,HUWH,Humpback Whale,2,2003-05-25 23:08:18,2003-05-25
37.133635999999996,-122.52814,HUWH,Humpback Whale,6,2003-05-26 13:31:48,2003-05-26
37.152908000000004,-122.504421,HUWH,Humpback Whale,1,2003-05-26 13:41:24,2003-05-26
37.169272,-122.48428100000001,HUWH,Humpback Whale,4,2003-05-26 13:51:00,2003-05-26
37.17709,-122.50294099999999,HUWH,Humpback Whale,1,2003-05-26 14:16:48,2003-05-26
37.177269,-122.536823,HUWH,Humpback Whale,9,2003-05-26 14:26:36,2003-05-26
37.177448,-122.570705,HUWH,Humpback Whale,2,2003-05-26 14:36:24,2003-05-26
37.177448,-122.570705,HUWH,Humpback Whale,11,2003-05-26 14:36:24,2003-05-26
37.177627,-122.60458700000001,HUWH,Humpback Whale,7,2003-05-26 14:46:18,2003-05-26
37.178069,-123.0817,HUWH,Humpback Whale,2,2003-05-26 17:55:36,2003-05-26
37.225645,-123.13265,HUWH,Humpback Whale,1,2003-05-26 18:46:18,2003-05-26
37.373624,-123.020074,HUWH,Humpback Whale,2,2003-05-26 21:20:12,2003-05-26
37.368407,-122.647023,HUWH,Humpback Whale,1,2003-05-26 23:44:30,2003-05-26
37.332497,-122.50866,HUWH,Humpback Whale,5,2003-05-27 01:05:42,2003-05-27
37.31149,-122.52998000000001,HUWH,Humpback Whale,3,2003-05-27 01:15:00,2003-05-27
37.290484,-122.5513,HUWH,Humpback Whale,1,2003-05-27 01:24:24,2003-05-27
37.27799,-122.56398,HUWH,Humpback Whale,2,2003-05-27 01:33:48,2003-05-27
37.514916,-123.32406100000001,HUWH,Humpback Whale,2,2003-05-27 16:49:12,2003-05-27
37.514034,-123.358078,HUWH,Humpback Whale,3,2003-05-27 16:58:36,2003-05-27
37.513296999999994,-123.38654299999999,HUWH,Humpback Whale,9,2003-05-27 17:07:54,2003-05-27
37.509407,-123.42400900000001,HUWH,Humpback Whale,3,2003-05-27 17:49:30,2003-05-27
37.510221,-123.458027,HUWH,Humpback Whale,8,2003-05-27 17:58:54,2003-05-27
37.57849,-123.60381799999999,HUWH,Humpback Whale,1,2003-05-27 19:41:06,2003-05-27
37.771947999999995,-123.499788,HUWH,Humpback Whale,9,2003-05-27 22:30:00,2003-05-27
37.770545,-123.431505,HUWH,Humpback Whale,2,2003-05-27 22:48:42,2003-05-27
37.772881,-123.32779,HUWH,Humpback Whale,2,2003-05-27 23:51:06,2003-05-27
38.030729,-123.73713300000001,HUWH,Humpback Whale,2,2003-05-28 15:53:54,2003-05-28
38.29721,-123.80980600000001,HUWH,Humpback Whale,1,2003-05-28 22:36:48,2003-05-28
38.304578,-123.741651,HUWH,Humpback Whale,2,2003-05-28 22:58:36,2003-05-28
33.399671000000005,-117.948256,BLWH,Blue Whale,2,2003-07-21 05:30:24,2003-07-21
33.42324,-117.883444,BLWH,Blue Whale,2,2003-07-22 08:29:06,2003-07-22
33.438067,-117.856407,BLWH,Blue Whale,4,2003-07-22 08:39:00,2003-07-22
33.73522,-122.002723,SPWH,Sperm Whale,5,2003-07-26 06:50:06,2003-07-26
33.724389,-122.032445,SPWH,Sperm Whale,4,2003-07-26 07:02:42,2003-07-26
33.008648,-117.32086799999999,FIWH,Fin Whale,1,2003-07-29 09:53:54,2003-07-29
34.985164000000005,-121.005526,BLWH,Blue Whale,1,2003-07-29 12:55:54,2003-07-29
34.997496999999996,-120.97622199999999,BLWH,Blue Whale,1,2003-07-29 13:04:30,2003-07-29
35.009828999999996,-120.946918,BLWH,Blue Whale,4,2003-07-29 13:13:12,2003-07-29
35.018997999999996,-120.925133,BLWH,Blue Whale,1,2003-07-29 13:21:48,2003-07-29
35.06973,-120.817108,BLWH,Blue Whale,1,2003-07-29 16:27:00,2003-07-29
35.082845,-120.79048999999999,BLWH,Blue Whale,1,2003-07-29 16:35:36,2003-07-29
33.218629,-119.889657,FIWH,Fin Whale,3,2003-10-27 08:43:36,2003-10-27
34.38389,-120.37976200000001,HUWH,Humpback Whale,1,2003-10-31 09:57:24,2003-10-31
34.031672,-123.014725,FIWH,Fin Whale,1,2003-11-02 10:12:30,2003-11-02
33.282312,-118.15421,GRWH,Gray Whale,1,2004-01-11 11:25:54,2004-01-11
33.486139,-119.366155,GRWH,Gray Whale,2,2004-01-12 14:26:18,2004-01-12
35.081289,-120.80144299999999,GRWH,Gray Whale,2,2004-01-20 09:33:12,2004-01-20
35.135295,-120.839867,GRWH,Gray Whale,1,2004-01-20 12:00:06,2004-01-20
35.239163,-120.944869,GRWH,Gray Whale,1,2004-01-20 12:55:24,2004-01-20
35.261664,-120.963141,GRWH,Gray Whale,1,2004-01-20 13:06:00,2004-01-20
35.50429000000001,-121.14846899999999,HUWH,Humpback Whale,2,2004-01-20 15:02:30,2004-01-20
35.50429000000001,-121.14846899999999,GRWH,Gray Whale,1,2004-01-20 15:02:30,2004-01-20
35.52715,-121.16611499999999,GRWH,Gray Whale,2,2004-01-20 15:13:54,2004-01-20
36.739577000000004,-122.14868100000001,GRWH,Gray Whale,2,2004-01-23 12:33:00,2004-01-23
36.699785999999996,-122.23669299999999,GRWH,Gray Whale,6,2004-01-23 13:02:42,2004-01-23
35.32689699999999,-121.886394,SPWH,Sperm Whale,1,2004-04-15 21:59:48,2004-04-15
36.139145,-123.39871399999998,HUWH,Humpback Whale,2,2004-04-18 17:33:12,2004-04-18
37.183608,-122.484879,HUWH,Humpback Whale,2,2004-04-19 16:47:42,2004-04-19
37.195477000000004,-122.85282600000001,HUWH,Humpback Whale,1,2004-04-19 22:56:36,2004-04-19
36.631902000000004,-121.99855600000001,HUWH,Humpback Whale,1,2004-04-22 23:38:00,2004-04-22
34.013026,-120.64609499999999,HUWH,Humpback Whale,2,2004-04-23 20:26:12,2004-04-23
33.964247,-120.61816999999999,HUWH,Humpback Whale,2,2004-04-23 20:49:30,2004-04-23
32.989961,-119.48714199999999,FIWH,Fin Whale,1,2004-05-05 19:13:42,2004-05-05
33.551961999999996,-119.27545900000001,FIWH,Fin Whale,1,2004-05-06 00:40:42,2004-05-06
33.573887,-119.294377,MIWH,Minke Whale,1,2004-05-06 00:50:24,2004-05-06
33.923626,-120.703825,SPWH,Sperm Whale,1,2004-05-06 19:45:36,2004-05-06
34.112878,-120.78666100000001,KIWH,Killer Whale,2,2004-05-06 21:49:36,2004-05-06
34.222289,-120.690509,HUWH,Humpback Whale,1,2004-05-06 23:14:18,2004-05-06
34.244005,-120.67111200000001,HUWH,Humpback Whale,1,2004-05-06 23:23:36,2004-05-06
34.262931,-120.654207,HUWH,Humpback Whale,2,2004-05-06 23:32:54,2004-05-06
34.357134,-120.63343300000001,HUWH,Humpback Whale,1,2004-05-07 00:53:18,2004-05-07
34.080422999999996,-120.710922,HUWH,Humpback Whale,2,2004-05-07 13:33:12,2004-05-07
34.134319,-120.714818,HUWH,Humpback Whale,2,2004-05-07 13:51:48,2004-05-07
34.215129,-120.721202,HUWH,Humpback Whale,1,2004-05-07 14:19:36,2004-05-07
34.242,-120.724333,HUWH,Humpback Whale,1,2004-05-07 14:30:12,2004-05-07
34.295728000000004,-120.730801,HUWH,Humpback Whale,3,2004-05-07 14:50:06,2004-05-07
34.447518,-120.790802,HUWH,Humpback Whale,1,2004-05-07 16:40:42,2004-05-07
34.44453,-120.82333600000001,HUWH,Humpback Whale,1,2004-05-07 16:50:00,2004-05-07
34.441542999999996,-120.85587,HUWH,Humpback Whale,1,2004-05-07 16:59:18,2004-05-07
34.636478000000004,-121.354,HUWH,Humpback Whale,1,2004-05-07 22:06:12,2004-05-07
35.261837,-121.378077,HUWH,Humpback Whale,1,2004-05-08 16:24:12,2004-05-08
35.536,-121.485114,FIWH,Fin Whale,1,2004-05-08 19:08:06,2004-05-08
35.803194,-121.484249,KIWH,Killer Whale,2,2004-05-09 02:25:12,2004-05-09
36.208474,-121.97193999999999,HUWH,Humpback Whale,1,2004-05-09 16:50:48,2004-05-09
36.557835,-122.00882,HUWH,Humpback Whale,2,2004-05-09 19:04:12,2004-05-09
36.584245,-122.013871,HUWH,Humpback Whale,1,2004-05-09 19:14:24,2004-05-09
36.702692,-122.61001200000001,HUWH,Humpback Whale,1,2004-05-10 20:01:06,2004-05-10
36.702692,-122.61001200000001,HUWH,Humpback Whale,1,2004-05-10 20:01:06,2004-05-10
36.879729,-122.424599,FIWH,Fin Whale,1,2004-05-11 15:56:18,2004-05-11
36.875203000000006,-122.835872,FIWH,Fin Whale,1,2004-05-11 19:17:54,2004-05-11
37.083436,-122.6864,HUWH,Humpback Whale,1,2004-05-11 23:53:18,2004-05-11
37.082102,-122.427664,BLWH,Blue Whale,5,2004-05-12 01:21:42,2004-05-12
37.177,-122.56970600000001,HUWH,Humpback Whale,1,2004-05-12 15:45:54,2004-05-12
37.372546,-122.989076,HUWH,Humpback Whale,1,2004-05-12 23:21:18,2004-05-12
37.768707,-123.44733400000001,HUWH,Humpback Whale,1,2004-05-13 00:19:24,2004-05-13
37.374174,-122.616054,BLWH,Blue Whale,2,2004-05-13 01:41:00,2004-05-13
37.373622999999995,-122.58209,BLWH,Blue Whale,1,2004-05-13 01:50:24,2004-05-13
37.373072,-122.548126,BLWH,Blue Whale,1,2004-05-13 01:59:42,2004-05-13
37.372522,-122.51416200000001,BLWH,Blue Whale,2,2004-05-13 02:09:06,2004-05-13
37.372122999999995,-122.48958999999999,BLWH,Blue Whale,1,2004-05-13 02:18:24,2004-05-13
37.538498,-123.60413,HUWH,Humpback Whale,1,2004-05-13 20:36:06,2004-05-13
37.565494,-123.60438899999998,HUWH,Humpback Whale,2,2004-05-13 20:47:12,2004-05-13
37.59249000000001,-123.604649,HUWH,Humpback Whale,4,2004-05-13 20:58:24,2004-05-13
37.770754,-123.379927,HUWH,Humpback Whale,6,2004-05-14 01:20:30,2004-05-14
37.785129,-123.277583,HUWH,Humpback Whale,2,2004-05-14 02:03:36,2004-05-14
37.723348,-122.699537,GRWH,Gray Whale,1,2004-05-14 14:25:06,2004-05-14
37.812391,-122.865053,BLWH,Blue Whale,2,2004-05-14 19:41:48,2004-05-14
38.024268,-123.529132,KIWH,Killer Whale,3,2004-05-15 16:52:30,2004-05-15
38.020713,-123.741111,HUWH,Humpback Whale,1,2004-05-15 18:56:06,2004-05-15
38.829052000000004,-123.869965,HUWH,Humpback Whale,1,2004-05-17 16:39:06,2004-05-17
38.825602,-124.478699,SPWH,Sperm Whale,18,2004-05-17 20:40:18,2004-05-17
39.499315,-124.090465,HUWH,Humpback Whale,2,2004-05-18 15:48:18,2004-05-18
39.49944,-124.125451,HUWH,Humpback Whale,4,2004-05-18 15:58:24,2004-05-18
38.025282000000004,-123.164405,KIWH,Killer Whale,12,2004-05-20 15:40:00,2004-05-20
31.781646999999996,-119.729495,FIWH,Fin Whale,2,2004-07-14 08:13:24,2004-07-14
31.738498,-119.810111,BLWH,Blue Whale,2,2004-07-14 08:45:36,2004-07-14
31.07204,-122.68791999999999,CBWH,Cuvier's Beaked Whale,1,2004-07-16 11:19:48,2004-07-16
32.231106,-120.339694,FIWH,Fin Whale,1,2004-07-17 13:16:54,2004-07-17
32.394011,-120.00837,BBWH,Baird's Beaked Whale,2,2004-07-17 15:17:18,2004-07-17
32.863184000000004,-122.230928,SPWH,Sperm Whale,4,2004-07-22 11:12:48,2004-07-22
32.876061,-122.20268100000001,SPWH,Sperm Whale,2,2004-07-22 11:22:54,2004-07-22
32.973684999999996,-121.970574,BLWH,Blue Whale,1,2004-07-22 14:41:54,2004-07-22
33.240065,-121.45709599999999,FIWH,Fin Whale,1,2004-07-22 17:59:12,2004-07-22
33.980967,-121.5041,CBWH,Cuvier's Beaked Whale,1,2004-07-24 14:36:12,2004-07-24
33.885689,-121.700779,BLWH,Blue Whale,1,2004-07-24 15:44:36,2004-07-24
32.925742,-123.681804,BLWH,Blue Whale,1,2004-07-25 09:50:36,2004-07-25
34.150082,-122.74968999999999,FIWH,Fin Whale,2,2004-07-26 08:39:36,2004-07-26
34.884639,-120.753662,HUWH,Humpback Whale,2,2004-07-27 06:56:24,2004-07-27
32.742339,-119.293451,HUWH,Humpback Whale,3,2004-11-08 15:05:24,2004-11-08
32.877582000000004,-119.015501,HUWH,Humpback Whale,1,2004-11-08 16:23:36,2004-11-08
33.33955,-119.41556299999999,HUWH,Humpback Whale,2,2004-11-10 09:26:06,2004-11-10
33.164317,-119.503778,HUWH,Humpback Whale,2,2004-11-10 10:56:00,2004-11-10
33.159054,-119.664879,HUWH,Humpback Whale,1,2004-11-10 11:37:06,2004-11-10
34.157101000000004,-121.13549499999999,HUWH,Humpback Whale,2,2004-11-15 10:21:36,2004-11-15
34.040729,-122.97443999999999,FIWH,Fin Whale,4,2004-11-17 08:23:30,2004-11-17
34.126593,-122.790865,FIWH,Fin Whale,1,2004-11-17 12:34:18,2004-11-17
34.153451000000004,-122.73449,BLWH,Blue Whale,1,2004-11-17 12:50:48,2004-11-17
34.967292,-121.072842,HUWH,Humpback Whale,2,2004-11-18 06:43:18,2004-11-18
34.98845900000001,-121.01221100000001,HUWH,Humpback Whale,2,2004-11-18 06:59:00,2004-11-18
35.068921,-120.827378,HUWH,Humpback Whale,2,2004-11-18 09:42:48,2004-11-18
34.664759000000004,-120.841776,HUWH,Humpback Whale,1,2004-11-18 13:55:30,2004-11-18
32.758167,-117.377757,HUWH,Humpback Whale,1,2004-11-19 11:01:30,2004-11-19
33.684671,-118.68501299999998,GRWH,Gray Whale,1,2005-01-19 16:52:42,2005-01-19
35.080337,-121.61936599999999,HUWH,Humpback Whale,1,2005-04-06 16:10:06,2005-04-06
36.357462,-122.189232,SPWH,Sperm Whale,1,2005-04-10 14:26:12,2005-04-10
36.626003000000004,-123.24735700000001,KIWH,Killer Whale,2,2005-04-11 14:57:12,2005-04-11
37.159636,-122.549089,HUWH,Humpback Whale,1,2005-04-14 15:14:30,2005-04-14
37.039038,-122.47303899999999,HUWH,Humpback Whale,1,2005-04-14 16:02:12,2005-04-14
36.67106,-122.300127,HUWH,Humpback Whale,1,2005-04-20 12:49:48,2005-04-20
36.645663,-122.35953500000001,HUWH,Humpback Whale,3,2005-04-20 13:11:30,2005-04-20
36.632381,-122.388823,HUWH,Humpback Whale,1,2005-04-20 13:22:06,2005-04-20
37.291709000000004,-122.661278,HUWH,Humpback Whale,5,2005-04-21 16:43:36,2005-04-21
37.291709000000004,-122.661278,HUWH,Humpback Whale,4,2005-04-21 16:43:36,2005-04-21
37.277275,-122.68994599999999,HUWH,Humpback Whale,2,2005-04-21 16:55:42,2005-04-21
33.565995,-119.69824299999999,HUWH,Humpback Whale,2,2005-04-22 15:08:36,2005-04-22
34.233286,-121.004558,HUWH,Humpback Whale,4,2005-04-27 09:21:54,2005-04-27
34.084525,-121.27371799999999,HUWH,Humpback Whale,3,2005-04-27 13:37:48,2005-04-27
32.684779,-117.816364,FIWH,Fin Whale,1,2005-05-04 17:03:36,2005-05-04
33.169025,-119.19958500000001,MIWH,Minke Whale,1,2005-05-05 09:05:36,2005-05-05
33.51605900000001,-119.815022,HUWH,Humpback Whale,2,2005-05-05 14:52:42,2005-05-05
33.63252,-120.174558,FIWH,Fin Whale,1,2005-05-06 08:51:18,2005-05-06
33.745144,-120.263558,HUWH,Humpback Whale,4,2005-05-06 09:48:48,2005-05-06
33.81415,-120.31454199999999,HUWH,Humpback Whale,1,2005-05-06 10:23:18,2005-05-06
33.904573,-120.385631,HUWH,Humpback Whale,1,2005-05-06 11:07:36,2005-05-06
33.945703,-120.418218,HUWH,Humpback Whale,2,2005-05-06 11:29:48,2005-05-06
34.435513,-120.72924499999999,HUWH,Humpback Whale,2,2005-05-07 07:49:00,2005-05-07
34.511068,-120.75657700000001,HUWH,Humpback Whale,2,2005-05-07 08:22:54,2005-05-07
34.538062,-120.756196,HUWH,Humpback Whale,2,2005-05-07 08:34:00,2005-05-07
34.673016,-120.752926,HUWH,Humpback Whale,4,2005-05-07 09:27:48,2005-05-07
34.753962,-120.749706,HUWH,Humpback Whale,5,2005-05-07 10:00:00,2005-05-07
34.780944,-120.74863300000001,HUWH,Humpback Whale,2,2005-05-07 10:10:42,2005-05-07
35.050713,-120.745696,HUWH,Humpback Whale,5,2005-05-07 11:56:00,2005-05-07
35.077502,-120.741619,HUWH,Humpback Whale,1,2005-05-07 12:06:48,2005-05-07
35.302023,-120.998855,HUWH,Humpback Whale,1,2005-05-07 16:37:48,2005-05-07
35.456106,-121.13950700000001,HUWH,Humpback Whale,2,2005-05-07 17:56:42,2005-05-07
36.183369,-121.914047,HUWH,Humpback Whale,2,2005-05-08 09:02:42,2005-05-08
36.379872,-121.953523,MIWH,Minke Whale,1,2005-05-08 15:36:30,2005-05-08
36.581666,-122.00421200000001,HUWH,Humpback Whale,1,2005-05-08 16:51:00,2005-05-08
36.773725,-122.408892,HUWH,Humpback Whale,1,2005-05-09 09:54:24,2005-05-09
36.761835,-122.459534,HUWH,Humpback Whale,1,2005-05-09 11:03:06,2005-05-09
36.56831500000001,-122.29078500000001,FIWH,Fin Whale,2,2005-05-09 14:08:36,2005-05-09
36.607784,-122.50861100000002,HUWH,Humpback Whale,1,2005-05-09 16:13:12,2005-05-09
36.653584,-122.487066,FIWH,Fin Whale,3,2005-05-09 17:45:18,2005-05-09
37.084744,-122.68141399999999,HUWH,Humpback Whale,2,2005-05-10 16:50:42,2005-05-10
37.084151,-122.647582,HUWH,Humpback Whale,1,2005-05-10 17:00:42,2005-05-10
37.041931,-122.633541,HUWH,Humpback Whale,1,2005-05-11 06:21:42,2005-05-11
37.538851,-122.80499499999999,HUWH,Humpback Whale,1,2005-05-11 15:46:06,2005-05-11
37.372816,-123.05301599999999,HUWH,Humpback Whale,2,2005-05-12 10:12:30,2005-05-12
37.37851,-122.86793999999999,HUWH,Humpback Whale,3,2005-05-12 11:42:36,2005-05-12
37.449338,-122.796249,HUWH,Humpback Whale,1,2005-05-12 12:31:12,2005-05-12
37.827287,-123.546873,HUWH,Humpback Whale,1,2005-05-13 18:35:12,2005-05-13
39.50059,-124.497421,HUWH,Humpback Whale,2,2005-05-17 11:15:54,2005-05-17
39.505158,-124.668472,HUWH,Humpback Whale,1,2005-05-17 12:41:06,2005-05-17
39.781196,-124.595303,HUWH,Humpback Whale,1,2005-05-18 18:15:18,2005-05-18
39.311904999999996,-124.68608700000001,SPWH,Sperm Whale,27,2005-05-19 18:23:00,2005-05-19
32.244769,-118.745273,FIWH,Fin Whale,2,2005-07-02 12:53:36,2005-07-02
32.216629,-118.79968400000001,FIWH,Fin Whale,1,2005-07-02 13:11:36,2005-07-02
32.143411,-118.958178,BLWH,Blue Whale,1,2005-07-02 16:33:24,2005-07-02
32.102579,-119.040755,BLWH,Blue Whale,1,2005-07-02 17:01:54,2005-07-02
32.065271,-119.125583,BLWH,Blue Whale,1,2005-07-02 17:30:54,2005-07-02
33.69056,-118.338466,MIWH,Minke Whale,1,2005-07-07 17:12:00,2005-07-07
33.541540999999995,-120.834523,SPWH,Sperm Whale,1,2005-07-11 15:14:48,2005-07-11
34.186231,-119.486888,BLWH,Blue Whale,1,2005-07-12 10:16:48,2005-07-12
33.644414000000005,-122.181678,SPWH,Sperm Whale,1,2005-07-13 15:13:24,2005-07-13
34.509718,-121.99873799999999,FIWH,Fin Whale,1,2005-07-15 12:22:42,2005-07-15
34.834358,-121.368799,HUWH,Humpback Whale,1,2005-07-15 18:12:06,2005-07-15
34.171328,-122.781764,FIWH,Fin Whale,6,2005-11-19 07:18:00,2005-11-19
34.18677,-122.754999,FIWH,Fin Whale,5,2005-11-19 07:27:54,2005-11-19
34.202212,-122.728233,FIWH,Fin Whale,3,2005-11-19 07:37:42,2005-11-19
34.309196,-122.465754,HUWH,Humpback Whale,6,2005-11-19 09:03:48,2005-11-19
34.498222,-122.05960300000001,FIWH,Fin Whale,3,2005-11-19 13:35:30,2005-11-19
30.540561999999998,-123.758301,SPWH,Sperm Whale,1,2006-02-07 12:05:54,2006-02-07
33.715491,-118.48931699999999,GRWH,Gray Whale,1,2006-02-10 16:01:36,2006-02-10
33.363515,-119.57891699999999,GRWH,Gray Whale,3,2006-02-11 08:27:06,2006-02-11
32.558706,-118.076146,FIWH,Fin Whale,1,2006-04-02 06:59:00,2006-04-02
32.234147,-118.78088999999999,FIWH,Fin Whale,1,2006-04-02 15:52:36,2006-04-02
32.037526,-120.734664,HUWH,Humpback Whale,1,2006-04-06 14:03:00,2006-04-06
33.197055999999996,-118.361281,GRWH,Gray Whale,2,2006-04-07 16:55:30,2006-04-07
33.237261,-118.277294,MIWH,Minke Whale,1,2006-04-07 17:23:18,2006-04-07
34.39308,-119.824242,GRWH,Gray Whale,2,2006-04-13 08:33:54,2006-04-13
37.083731,-122.4706,HUWH,Humpback Whale,1,2006-05-07 07:54:00,2006-05-07
37.083,-122.699441,HUWH,Humpback Whale,1,2006-05-07 09:34:24,2006-05-07
36.877375,-122.448881,HUWH,Humpback Whale,1,2006-05-07 18:50:48,2006-05-07
36.876697,-121.937374,HUWH,Humpback Whale,2,2006-05-09 16:07:18,2006-05-09
35.118138,-120.77151299999998,MIWH,Minke Whale,1,2006-05-11 12:06:12,2006-05-11
35.118758,-120.74450900000001,MIWH,Minke Whale,1,2006-05-11 12:16:06,2006-05-11
35.096506,-120.7333,MIWH,Minke Whale,1,2006-05-11 12:52:24,2006-05-11
34.866,-120.922451,HUWH,Humpback Whale,1,2006-05-11 15:48:42,2006-05-11
34.427906,-120.927799,HUWH,Humpback Whale,2,2006-05-12 08:29:48,2006-05-12
34.434769,-120.86286799999999,HUWH,Humpback Whale,1,2006-05-12 08:51:06,2006-05-12
34.216921,-120.555178,HUWH,Humpback Whale,1,2006-05-12 12:26:18,2006-05-12
33.740407,-119.360126,HUWH,Humpback Whale,2,2006-05-13 15:02:24,2006-05-13
33.738942,-119.32770900000001,HUWH,Humpback Whale,1,2006-05-13 15:13:18,2006-05-13
32.739606,-118.719302,HUWH,Humpback Whale,1,2006-05-14 18:53:24,2006-05-14
32.923815999999995,-117.836904,BLWH,Blue Whale,1,2006-05-19 11:48:24,2006-05-19
34.138443,-120.25177099999999,HUWH,Humpback Whale,2,2006-05-20 06:08:18,2006-05-20
34.152215000000005,-120.314857,HUWH,Humpback Whale,5,2006-05-20 06:31:24,2006-05-20
34.159101,-120.346399,HUWH,Humpback Whale,4,2006-05-20 06:42:54,2006-05-20
34.166982,-120.37752900000001,HUWH,Humpback Whale,3,2006-05-20 06:54:30,2006-05-20
34.198624,-120.467598,HUWH,Humpback Whale,1,2006-05-20 07:28:48,2006-05-20
34.285675,-120.706673,HUWH,Humpback Whale,2,2006-05-20 09:00:18,2006-05-20
34.296557,-120.736558,HUWH,Humpback Whale,6,2006-05-20 09:11:42,2006-05-20
34.310004,-120.764544,HUWH,Humpback Whale,2,2006-05-20 09:23:06,2006-05-20
34.378114000000004,-120.865902,HUWH,Humpback Whale,1,2006-05-20 10:06:42,2006-05-20
34.429796,-120.94148,HUWH,Humpback Whale,3,2006-05-20 10:39:12,2006-05-20
34.464347,-120.99179699999999,HUWH,Humpback Whale,3,2006-05-20 11:01:00,2006-05-20
34.49876,-121.042244,HUWH,Humpback Whale,1,2006-05-20 11:22:48,2006-05-20
34.598641,-121.14374199999999,BLWH,Blue Whale,1,2006-05-20 12:16:24,2006-05-20
34.598641,-121.14374199999999,HUWH,Humpback Whale,2,2006-05-20 12:16:24,2006-05-20
34.623360999999996,-121.156926,HUWH,Humpback Whale,1,2006-05-20 12:26:48,2006-05-20
34.749171000000004,-121.215832,HUWH,Humpback Whale,1,2006-05-20 13:16:06,2006-05-20
34.774867,-121.225917,HUWH,Humpback Whale,7,2006-05-20 13:24:54,2006-05-20
34.774867,-121.225917,HUWH,Humpback Whale,1,2006-05-20 13:24:54,2006-05-20
34.800564,-121.236003,FIWH,Fin Whale,4,2006-05-20 13:33:42,2006-05-20
34.800564,-121.236003,HUWH,Humpback Whale,3,2006-05-20 13:33:42,2006-05-20
34.82626,-121.24608799999999,HUWH,Humpback Whale,6,2006-05-20 13:42:24,2006-05-20
34.82626,-121.24608799999999,FIWH,Fin Whale,1,2006-05-20 13:42:24,2006-05-20
34.903348,-121.27634499999999,HUWH,Humpback Whale,1,2006-05-20 14:08:42,2006-05-20
36.775087,-122.337499,HUWH,Humpback Whale,3,2006-05-21 12:00:48,2006-05-21
36.591075,-122.44421399999999,HUWH,Humpback Whale,1,2006-05-21 16:39:48,2006-05-21
36.633790999999995,-122.403067,HUWH,Humpback Whale,1,2006-05-21 17:02:30,2006-05-21
36.626386,-122.303799,HUWH,Humpback Whale,1,2006-05-21 18:38:54,2006-05-21
36.848031,-122.221543,HUWH,Humpback Whale,1,2006-05-22 06:06:24,2006-05-22
36.936298,-122.34888799999999,HUWH,Humpback Whale,2,2006-05-22 07:01:42,2006-05-22
36.968453000000004,-122.40256200000002,HUWH,Humpback Whale,2,2006-05-22 07:25:18,2006-05-22
36.987832,-122.42610900000001,HUWH,Humpback Whale,1,2006-05-22 07:36:48,2006-05-22
37.00721,-122.449657,HUWH,Humpback Whale,1,2006-05-22 07:48:18,2006-05-22
37.045968,-122.496751,HUWH,Humpback Whale,1,2006-05-22 08:11:12,2006-05-22
37.06534600000001,-122.520299,HUWH,Humpback Whale,2,2006-05-22 08:22:42,2006-05-22
37.084725,-122.543846,HUWH,Humpback Whale,5,2006-05-22 08:34:12,2006-05-22
37.123737,-122.59059599999999,HUWH,Humpback Whale,1,2006-05-22 08:57:12,2006-05-22
37.144058,-122.61286799999999,HUWH,Humpback Whale,1,2006-05-22 09:08:18,2006-05-22
37.247832,-122.721295,HUWH,Humpback Whale,3,2006-05-22 10:02:42,2006-05-22
37.268586,-122.74298,HUWH,Humpback Whale,1,2006-05-22 10:13:36,2006-05-22
38.263585,-123.22322199999999,HUWH,Humpback Whale,1,2006-05-24 06:09:48,2006-05-24
33.047665,-117.43061599999999,BLWH,Blue Whale,1,2006-07-08 17:01:06,2006-07-08
31.146182,-121.05194499999999,BLWH,Blue Whale,1,2006-07-10 13:12:12,2006-07-10
32.498121999999995,-119.79267800000001,FIWH,Fin Whale,1,2006-07-13 14:25:06,2006-07-13
32.545405,-119.67753300000001,FIWH,Fin Whale,2,2006-07-13 15:01:24,2006-07-13
33.782115999999995,-118.74195900000001,BLWH,Blue Whale,1,2006-07-15 07:02:42,2006-07-15
33.783515,-120.376667,FIWH,Fin Whale,1,2006-07-19 12:34:42,2006-07-19
33.64565,-123.826268,SPWH,Sperm Whale,4,2006-07-22 09:41:42,2006-07-22
34.758781,-121.461095,KIWH,Killer Whale,2,2006-07-23 10:59:42,2006-07-23
32.459103000000006,-118.32522900000001,FIWH,Fin Whale,1,2006-10-22 10:14:18,2006-10-22
33.112562,-120.127875,FIWH,Fin Whale,4,2006-10-28 13:49:48,2006-10-28
33.083802,-120.18238799999999,FIWH,Fin Whale,3,2006-10-28 14:06:00,2006-10-28
33.053163,-120.23543500000001,SPWH,Sperm Whale,2,2006-10-28 14:22:00,2006-10-28
33.022793,-120.28869099999999,FIWH,Fin Whale,2,2006-10-28 14:38:06,2006-10-28
33.495501000000004,-120.92596999999999,BLWH,Blue Whale,1,2006-10-31 08:41:18,2006-10-31
